"ep_no","series_ep_code","title","air_date","alt_title"
"","s00e01","The Treasure of Hexagon Island","2021-08-28"
"","s00e02","Double Back","2021-08-29"
"","s00e03","About Time","2021-10-31"
"","s00e04","The Twelve Days of Christmas","2021-12-12"
"","s00e05","Numbersongs: Five Little Speckled Frogs","2019-04-26"
"","s00e06","Numbersongs: Zoom Zoom Zoom!","2019-04-26"
"","s00e07","Numbersongs: Scoop a Scoop","2019-04-26"
"","s00e08","Numbersongs: Who Has More?","2019-04-26"
"","s00e09","Numbersongs: Five Little Boats","2019-04-26"
"","s00e10","Numbersongs: Days of Spring","2019-04-26"
"","s00e11","Numbersongs: How Many Passengers?","2019-04-26"
"","s00e12","Numbersongs: Let's All Draw Numbers","2019-04-26"
"","s00e13","Numbersongs: Hen House Hop","2019-04-26"
"","s00e14","Numbersongs: Counting Cars","2019-04-26"
"","s00e15","Numbersongs: How Many Sleeps til' Christmas?","2022-12-15"
"","s00e16","Numbersongs: Numberblocks Birthday Song","2024-08-05"
"","s00e17","Numbersongs: Making Christmas Magical","2025-11-28"
"001","s01e01","One","2016-01-23"
"002","s01e02","Another One","2017-01-24"
"003","s01e03","Two","2017-01-25"
"004","s01e04","Three","2017-01-25"
"005","s01e05","One, Two, Three!","2017-01-26"
"006","s01e06","Four","2017-01-30"
"007","s01e07","Five","2017-01-31"
"008","s01e08","Three Little Pigs","2017-02-01"
"009","s01e09","Off We Go","2017-02-02"
"010","s01e10","How to Count","2017-02-02"
"011","s01e11","Stampolines","2017-02-06"
"012","s01e12","The Whole of Me","2017-02-07"
"013","s01e13","The Terrible Twos","2017-02-08"
"014","s01e14","Holes","2017-02-09"
"015","s01e15","Hide and Seek","2017-02-09"
"016","s02e01","Six","2017-04-30"
"017","s02e02","Seven","2017-05-01"
"018","s02e03","Eight","2017-05-02"
"019","s02e04","Nine","2017-05-03"
"020","s02e05","Ten","2017-05-04"
"021","s02e06","Just Add One","2017-05-07"
"022","s02e07","Blast Off","2017-05-08"
"023","s02e08","Counting Sheep","2017-05-09"
"024","s02e09","Double Trouble","2017-05-10"
"025","s02e10","The Three Threes","2017-05-11"
"026","s02e11","Odds and Evens","2017-05-14"
"027","s02e12","Fluffies","2017-05-15"
"028","s02e13","The Two Tree","2017-05-16"
"029","s02e14","Numberblock Castle","2017-05-17"
"030","s02e15","Ten Green Bottles","2017-05-18"
"031","s03e01","Once Upon a Time","2018-09-16"
"032","s03e02","Blockzilla","2018-09-17"
"033","s03e03","The Numberblocks Express","2018-09-18"
"034","s03e04","Fruit Salad","2018-09-19"
"035","s03e05","Zero","2018-09-20"
"036","s03e06","Now We Are Six to Ten","2018-09-23"
"037","s03e07","Numberblobs","2018-09-24"
"038","s03e08","Building Blocks","2018-09-25"
"039","s03e09","Peekaboo!","2018-09-26"
"040","s03e10","Hiccups","2018-09-27"
"041","s03e11","What's the Difference?","2018-09-30"
"042","s03e12","Numberblock Rally","2018-10-01"
"043","s03e13","Five and Friends","2018-10-02"
"044","s03e14","Octoblock to the Rescue!","2018-10-03"
"045","s03e15","Ten Again","2018-10-04"
"046","s03e16","Flatland","2018-10-07"
"047","s03e17","Pattern Palace","2018-10-08"
"048","s03e18","The Legend of Big Tum","2018-10-09"
"049","s03e19","Mirror, Mirror","2018-10-10"
"050","s03e20","The Wrong Number","2018-10-11"
"051","s03e21","Eleven","2019-01-20"
"052","s03e22","Twelve","2019-01-21"
"053","s03e23","The Way of the Rectangle","2019-01-22"
"054","s03e24","Ride the Rays","2019-01-23"
"055","s03e25","Block Star","2019-01-24"
"056","s03e26","Thirteen","2019-01-27"
"057","s03e27","Fourteen","2019-01-29"
"058","s03e28","Fifteen","2019-01-30"
"059","s03e29","Tween Scenes","2019-01-31"
"060","s03e30","Step Squads","2019-02-01"
"061","s04e01","Fifteen's Minute of Fame","2019-06-10"
"062","s04e02","On Your Head","2019-06-11"
"063","s04e03","Ten's Place","2019-06-12"
"064","s04e04","Balancing Bridge","2019-06-13"
"065","s04e05","Sixteen","2019-06-14"
"066","s04e06","Square Club","2019-06-17"
"067","s04e07","Seventeen","2019-06-18"
"068","s04e08","Eighteen","2019-06-19"
"069","s04e09","Loop the Loop","2019-06-20"
"070","s04e10","Nineteen","2019-06-21"
"071","s04e11","Twenty","2019-07-08"
"072","s04e12","Tall Stories","2019-07-09"
"073","s04e13","Flights of Fancy","2019-07-10"
"074","s04e14","I Can Count to Twenty","2019-07-11"
"075","s04e15","Heist","2019-07-12"
"076","s04e16","Sign of the Times","2019-07-15"
"077","s04e17","Fun Times Fair","2019-07-16"
"078","s04e18","The Lair of Shares","2019-07-17"
"079","s04e19","Terrible Twosday","2019-07-18"
"080","s04e20","Divide and Drive","2019-07-19"
"081","s04e21","Twenty-One and On","2019-08-05"
"082","s04e22","We're Going on a Square Hunt","2019-08-06"
"083","s04e23","Thirty's Big Top","2019-08-07"
"084","s04e24","Land of the Giants","2019-08-08"
"085","s04e25","Fifty","2019-08-09"
"086","s04e26","Sixty's High Score","2019-08-12"
"087","s04e27","The Big One","2019-08-13"
"088","s04e28","One Hundred","2019-08-14"
"089","s04e29","One Thousand and One","2019-08-15"
"090","s04e30","More to Explore","2019-08-16"
"091","s05e01","Your Turn","2021-03-08"
"092","s05e02","Now You See Us","2021-03-08"
"093","s05e03","Tens Top Ten","2021-03-08"
"094","s05e04","Whats My Number?","2021-03-08"
"095","s05e05","Fun Times One Times Table","2021-03-08"
"096","s05e06","The Many Friends of Twenty","2021-03-15"
"097","s05e07","Ten Vaulting","2021-03-16"
"098","s05e08","Twoland","2021-03-17"
"099","s05e09","Two Times Shoe Shop","2021-03-18"
"100","s05e10","Odd Side Story","2021-03-19"
"101","s05e11","How Rectangly","2021-03-22"
"102","s05e12","Rectangle Racers","2021-03-23"
"103","s05e13","The Team Factor","2021-03-24"
"104","s05e14","Hidden Talents","2021-03-25"
"105","s05e15","Making Patterns","2021-03-26"
"106","s05e16","Now in 3D","2021-06-07"
"107","s05e17","Club Picnic","2021-06-08"
"108","s05e18","Too Many Threes","2021-06-09"
"109","s05e19","Circus of Threes","2021-06-10"
"110","s05e20","Figure It Out","2021-06-11"
"111","s05e21","Snow Day Doubles","2021-06-14"
"112","s05e22","Steps Versus Squares","2021-06-15"
"113","s05e23","Puzzle Square","2021-06-16"
"114","s05e24","Four on the Floor","2021-06-17"
"115","s05e25","Sky High Fives","2021-06-18"
"116","s05e26","One Giant Step Squad","2021-06-21"
"117","s05e27","Square on the Moon","2021-06-22"
"118","s05e28","Heroes with Zeroes","2021-06-23"
"119","s05e29","What If?","2021-06-24"
"120","s05e30","100 Ways to Leave the Planet","2021-06-25"
"121","s06e01","Painting by Numbers","2024-03-04"
"122","s06e02","Leap Blob","2024-03-04"
"123","s06e03","Ice and Dice","2024-03-04"
"124","s06e04","Go Go Domino","2024-03-04"
"125","s06e05","Ten in the Bed","2024-03-04"
"126","s06e06","Shape Party","2024-03-11"
"127","s06e07","Can We Have Our Ball Back?","2024-03-11"
"128","s06e08","Cuboid Castle","2024-03-11"
"129","s06e09","On My Way to Numberblock Fair","2024-03-11"
"130","s06e10","Octoblock and the Path of Justice","2024-03-11"
"131","s06e11","Five's Handy Shop","2024-03-18"
"132","s06e12","As Tall as the Sun","2024-03-18"
"133","s06e13","Feeding Time","2024-03-18"
"134","s06e14","Rockets and Rekenreks","2024-03-18"
"135","s06e15","The Pattern of Patterns","2024-03-18"
"136","s07e01","Grid Unlocked","2024-08-19"
"137","s07e02","Friendly Fours' Beach Day","2024-08-20"
"138","s07e03","All-Star Line-Up","2024-08-21"
"139","s07e04","Rescue Racers","2024-08-22"
"140","s07e05","The Rolling Sixes","2024-08-23"
"141","s07e06","Remix the Sixes","2024-08-26"
"142","s07e07","Grid Game Galore","2024-08-27","Grid Games Galore"
"143","s07e08","The Rainbow Makers","2024-08-28"
"144","s07e09","Sail the Seven Seas","2024-08-29"
"145","s07e10","We Need Another Hero","2024-08-30"
"146","s07e11","Super Eights Assemble","2024-09-02"
"147","s07e12","Seventy-Two's Super Surprise","2024-09-03"
"148","s07e13","The Magical Nines","2024-09-04"
"149","s07e14","Nine's Time to Shine","2024-09-05"
"150","s07e15","Space Division","2024-09-06"
"151","s08e01","The Third  Button","2025-08-18"
"152","s08e02","The Great Bug Race","2025-08-19"
"153","s08e03","The Big Picture","2025-08-20"
"154","s08e04","Space Repair","2025-08-21"
"155","s08e05","Capacity for Magic","2025-08-22"
"156","s08e06","How Many Smoothies?","2025-08-22"
"157","s08e07","Odd Block Club","2025-08-25"
"158","s08e08","Five Makes a Wish","2025-08-26"
"159","s08e09","Number Rescue, Go!","2025-08-27"
"160","s08e10","The Best House Band in Numberland","2025-08-28"
"161","s08e11","Double Duets","2025-08-29"
"162","s08e12","Double Doors, Double Locked","2025-09-01"
"163","s08e13","The All-Knowing Nine","2025-09-02"
"164","s08e14","Subtraction Somersaults","2025-09-03"
"165","s08e15","Tenpin Tournament","2025-09-04"
"166","s08e16","Five's Super Sorter","2026-02-09"
"167","s08e17","Back in the Box!","2026-02-10"
"168","s08e18","Five's Fruit Festival","2026-02-11"
"169","s08e19","I'll Vote for That!","2026-02-12"
"170","s08e20","The Pyramid of Puzzles","2026-02-13"
"171","s08e21","One's Fix-It Shop","2026-02-16"
"172","s08e22","Happy Campers","2026-02-17"
"173","s08e23","The Mystery of Fraction Island","2026-02-18"
"174","s08e24","Fractions Are a Piece of Cake","2026-02-19"
"175","s08e25","Octonaughty and the Fractionator","2026-02-20"
"176","s08e26","You're Five Ones and I'm Five Tens","2026-02-23"
"177","s08e27","The Forest of Tens","2026-02-24"
"178","s08e28","All the Numbers I Can Be","2026-02-25"
"179","s08e29","The Rings of Unity","2026-02-26"
"180","s08e30","The Space Signal","2026-02-27"
